id knjige;id zanra
2641;511
2641;1702
2641;2481
2641;2871
2641;4235
2701;11
2701;115
2701;2430
2701;2486
2701;2849
2701;3315
2701;8143
2701;8144
2701;18044
17157;138
17157;335
17157;2870
17157;4858
17157;4859
84;36
84;1222
84;2586
84;2665
84;2666
84;2667
84;18502
100;14722
158;511
158;1702
158;2481
158;2487
158;2531
158;2536
158;2545
158;2636
1080;1040
1080;4856
1080;4857
16389;2487
16389;2514
16389;2622
16389;2636
16389;2871
1513;867
1513;868
1513;869
1513;2881
1513;2882
1513;2883
1513;4882
3186;94
3186;1262
3186;3329
10554;511
10554;1702
10554;4113
10554;4114
10554;4115
10554;4116
394;1702
394;2489
394;2633
394;2634
394;2635
394;2636
2160;2547
2160;2870
2160;3163
9070;776
9070;16742
9070;16798
6593;511
6593;1702
6593;2536
6593;2540
6593;2599
6593;3250
580;511
580;1702
580;2613
580;2614
289;138
289;141
289;511
289;1702
289;2525
289;2633
289;2670
289;6531
145;510
145;1278
145;1702
145;2481
145;2487
145;2514
145;2534
145;2536
2554;1123
2554;2430
2554;3523
2554;3550
2554;34776
18857;36
18857;2849
18857;6593
18857;12294
37106;517
37106;2481
37106;2489
37106;2514
37106;2519
37106;2521
37106;2536
37106;2546
37106;7107
13415;2783
13415;5180
1342;1702
1342;2481
1342;2487
1342;2489
1342;2514
1342;2578
1342;2906
3011;385
3011;1161
5225;3526
5225;3527
11;138
11;1415
11;4873
11;31575
31516;36
31516;94
31516;511
67979;110
67979;2512
67979;9183
67979;18234
67979;19779
67979;33957
67979;37205
4352;538
4352;1647
4352;1648
8525;511
8525;2570
8525;4907
8525;9099
174;510
174;1221
174;2526
174;2700
174;2701
174;2702
174;2703
174;3582
24151;36
24151;94
6761;2586
6761;2849
164;36
164;114
164;115
164;2849
164;4291
4085;115
4085;1702
4085;2543
4085;3298
4085;4276
4085;8276
4085;10680
4085;10681
1259;1031
2542;2655
2542;2813
2542;13173
2542;13507
308;186
308;187
308;188
308;189
308;190
308;2614
74;511
74;2536
74;2604
74;2614
74;2849
74;3470
74;3967
74;5111
74;7019
74;7020
215;188
215;2849
215;3279
215;3280
215;3281
215;3282
215;3283
215;3284
73144;30
73144;1702
73144;2487
73144;2538
73144;3173
73144;3535
73144;40032
73144;40033
383;776
24571;2496
24571;3350
24571;3351
24571;3605
24571;4564
24571;5316
3189;1262
3189;1263
2643;1040
2643;1041
1250;36
1250;2430
1250;2487
1250;2615
1250;4870
1250;7217
14323;3535
14323;3582
14323;13491
14323;13492
14323;14836
21279;36
21279;94
345;1222
345;2547
345;2586
345;2692
345;2713
345;2714
345;2715
29418;36
29418;94
29418;2615
64820;36
64820;94
64820;3173
64820;4575
64820;6858
10676;16280
10676;16281
10676;16283
41445;36
41445;1222
41445;2586
41445;2665
41445;2666
41445;2667
41445;18502
17489;60
17489;99
17489;2719
17489;3538
17489;5827
766;99
766;517
766;1702
766;2536
766;2540
766;2604
766;2605
766;2606
69087;150
69087;1123
69087;2708
69087;3519
69087;3520
521;106
521;108
521;2818
521;2821
521;2849
521;5831
25305;1702
25305;3534
25305;3535
57333;2783
57333;5180
57333;12177
57333;16586
236;94
236;141
236;142
236;143
236;2848
236;3278
236;6944
236;18485
236;25971
2911;4822
2911;4882
2638;60
2638;10730
35;36
35;2615
35;3316
32032;36
32032;808
32032;4548
27673;4882
27673;8186
20228;60
20228;10282
9830;183
9830;1699
9830;2430
9830;2514
9830;2534
9830;2539
9830;2540
9830;3172
599;335
599;1702
599;2538
599;2636
599;2906
599;3187
599;7319
1837;60
1837;1282
1837;2576
1837;2604
1837;2906
1837;4833
1837;5578
1837;5579
1837;5580
103;2849
103;3303
2147;138
2147;1662
2147;1946
2147;4566
2097;76
2097;150
2097;1123
108;76
108;150
108;2572
141;1702
141;2481
141;2487
141;2514
141;2535
141;2582
141;2583
141;2584
141;2585
1874;896
1874;977
1874;1702
1874;2515
1874;2661
5197;1494
5197;8044
86;138
86;335
86;453
86;2458
86;2615
86;3154
86;4259
86;8081
2527;4908
2527;8083
2527;18073
27761;4882
27761;4893
27761;4894
27761;4895
27761;4896
27761;4897
27761;4898
27761;4899
7700;776
7700;1162
7700;5923
7700;5924
7700;5925
7700;5926
7700;16816
7178;517
7178;5260
7178;5261
209;1702
209;2430
209;2530
209;2716
209;2717
60976;138
60976;5055
60976;34300
60976;34301
60976;34302
10623;5852
121;104
121;335
121;1702
121;2481
121;2487
121;2586
121;2587
121;2588
121;18493
121;18497
47;99
47;108
47;2503
47;6806
47;9183
47;17672
61963;36
61963;3316
61963;16586
61963;34830
10947;1375
3825;776
3825;6906
3825;8433
3825;9219
3825;9220
3825;9221
62;36
62;3318
62;3368
62;6643
62;6644
24022;343
24022;1282
24022;2542
24022;2716
24022;3335
24022;3336
24022;3337
5230;36
5230;2430
5230;2665
5230;3315
902;131
902;140
902;4674
82;60
82;453
82;2487
82;2602
82;2908
82;6689
82;6690
82;6691
82;18503
50290;36
50290;2487
50290;2576
50290;11405
4081;535
4081;5025
4081;8433
4081;17839
4081;17840
1079;4505
1079;5859
1079;7030
1079;7031
1079;7032
1200;3310
1200;4891
1200;4892
6133;94
6133;3546
6133;3547
6133;3548
6133;4709
160;30
160;109
160;110
160;111
160;2897
42324;36
42324;1222
42324;2586
42324;2665
42324;2666
42324;2667
42324;18502
7256;94
7256;343
7256;3325
1695;138
1695;1123
1695;1282
1695;2650
1695;3532
1695;4383
61221;2594
61221;3964
61221;5311
61221;16243
805;2487
805;2536
805;2540
805;2583
805;4083
805;5163
805;7093
5611;3526
5611;3527
59112;15309
59112;15310
59112;33307
6852;3535
6852;3537
4078;510
4078;1221
4078;2526
4078;2700
4078;2701
4078;2702
4078;2703
4078;3582
32759;10961
32759;19640
1051;335
1051;510
1051;511
1051;1110
1051;2526
1051;7050
1051;7051
9366;2514
9366;2536
9366;2546
1156;335
1156;2430
1156;5577
1156;5948
1156;18308
16433;94
52059;3535
52059;9803
19591;3530
19591;3531
19591;3532
19591;3533
10002;36
17699;3528
17699;3545
4039;535
4039;4860
4039;5013
4039;5025
4039;5046
4039;17853
54672;3535
54672;22180
6410;25
6410;511
18458;36
18458;5294
28488;776
28488;7706
28054;510
28054;1701
28054;2786
28054;5423
3726;3530
3726;3531
3726;3532
3726;3533
1952;2430
1952;2532
1952;2603
1952;2766
1952;2767
64830;2547
64830;8275
64830;29372
16921;36
16921;4549
16921;4883
16921;9112
27458;4882
27458;8020
27458;8021
27458;8022
27458;8023
27458;8024
30334;36
61521;2445
61521;3123
61521;34612
19651;36
19651;2615
19651;12203
19651;12204
19651;12205
27609;36
27609;94
29019;36
29019;94
30283;36
30283;94
30283;4807
30283;28720
30014;36
30014;94
23379;94
23379;2716
30034;36
30034;94
23185;36
23185;94
43048;46
43048;94
43048;2604
43048;25335
30044;36
30044;94
23920;36
23920;94
23920;808
23920;5152
26743;94
26743;1495
26743;28720
29789;94
29789;6872
28650;36
28650;94
16;46
16;3235
16;3236
16;3243
16;9210
98;60
98;69
98;465
98;808
98;2626
98;3502
98;5580
98;8746
98;8747
12;138
12;1415
12;4873
12;31575
1251;385
1251;2433
2600;60
2600;808
2600;3301
2600;3302
2600;15214
14591;4734
14591;5058
14591;6922
14591;6923
36281;138
36281;2649
36281;9451
113;185
113;4258
113;13050
113;35942
36;36
36;808
36;3317
36;3318
36;3319
36;3320
36;4883
3090;5488
3090;5605
5200;2430
5200;7111
1661;76
1661;150
1661;2572
105;104
105;2430
105;2481
105;2482
105;2483
105;2484
105;2485
105;2486
105;2487
105;18494
786;1702
786;2514
786;2591
786;2592
786;2593
786;2594
19942;335
19942;7029
64317;2430
64317;2484
64317;2538
64317;2830
64317;4139
76;511
76;2536
76;2604
76;2614
76;2849
76;3470
76;5311
76;7019
76;7021
76;7022
76;7023
1184;60
1184;1703
1184;2849
1184;3156
1184;3242
1184;3243
1184;3263
43;36
43;1222
43;1282
43;2318
43;2430
43;2698
43;2699
14838;5202
6130;27
6130;697
6130;1209
6130;1210
1260;99
1260;1702
1260;2481
1260;2487
1260;2530
1260;2531
1260;2532
1260;2533
1260;2534
1260;2535
1260;2536
4300;1278
4300;2430
4300;2514
4300;2534
4300;2614
4300;3199
4300;3538
4300;3539
4300;3540
4300;3541
203;122
203;510
203;2594
203;2625
203;2730
203;3076
203;7022
203;7316
203;7771
203;7772
2500;979
2500;3687
2500;6075
2500;16371
2500;18080
2500;18081
2500;32989
2500;32990
2591;4203
36034;16586
36034;16867
2199;27
2199;697
2199;853
2199;854
30142;4957
30142;10204
30142;10205
30142;10206
30142;10207
30142;10208
70891;60
70891;288
70891;1893
70891;2560
70891;3268
70891;3269
70891;7405
2610;60
2610;288
2610;1893
2610;2560
2610;3268
2610;3269
2610;7405
5921;763
5921;764
5921;2543
5921;7405
8117;2594
8117;2786
8117;4935
8117;13859
863;150
863;1123
863;3519
863;3520
2781;94
2781;140
2781;141
972;2400
972;2401
972;11190
175;1222
175;2241
175;2689
175;2719
175;2720
175;2721
175;5605
1257;60
1257;725
1257;2822
1257;3246
1524;4882
1524;4893
1524;4894
1524;4895
1524;4896
1524;4897
1524;4898
1524;4899
910;462
910;2849
910;2894
51;99
51;6806
51;7358
51;9183
51;9207
51;9208
51;9209
51;17672
7849;3532
7849;20775
271;60
271;6578
271;11725
271;12375
27805;138
27805;141
27805;511
27805;1702
27805;2525
27805;2633
27805;2670
27805;6531
834;76
834;150
834;2572
4276;510
4276;2481
4276;2536
4276;2546
4276;2690
4276;2906
4276;4337
1514;776
1514;5037
1514;5042
1514;5043
23042;4316
23042;5008
23042;6923
23042;6953
23042;6954
23042;6955
23042;6956
32706;36
32706;3319
32706;4575
140;93
140;515
140;2594
140;2673
140;2674
140;2675
140;2676
23700;3530
23700;3531
23700;3532
23700;3533
22367;2430
22367;7111
6087;1222
6087;2586
6087;2692
1268;36
1268;2849
1268;5831
1268;11837
71865;1282
71865;2430
71865;2514
71865;2538
71865;2602
71865;5100
71865;15061
500;131
500;292
500;17674
56712;2010
56712;3123
24434;480
24434;4959
73;60
73;808
73;1066
73;1082
73;6707
8578;843
8578;2836
139;84
139;138
139;4496
139;6594
139;6595
28522;3535
11231;183
11231;2430
11231;2540
11231;9835
11231;16056
159;36
159;106
159;107
159;108
159;38337
13610;3545
13610;11560
19924;3545
19924;7186
19924;11673
31352;8217
4517;2514
4517;2521
4517;2534
4517;2602
4517;10005
4517;10006
3328;2813
3328;4822
63274;7189
63274;9787
63274;27784
2650;517
2650;5260
2650;5261
47947;3545
47947;11673
2000;763
2000;764
2000;2543
2000;7405
29827;3534
29827;9984
28521;3535
2509;36
2509;4575
60825;3535
60825;3537
60825;10417
1254;8913
1254;18263
1254;18264
1917;99
1917;1123
1917;2578
1917;2620
1917;5423
1917;18163
49525;36
49525;3319
49525;3320
49525;4575
49525;5294
49525;5990
49525;28719
49525;28720
32;1284
32;2895
32;3308
32;6804
8800;6989
8800;18337
57284;6427
57284;32488
57284;32489
12474;1807
844;776
844;2656
844;12601
844;18367
17161;233
17161;4564
17161;9115
70403;36
70403;4575
70403;14328
70403;28720
20001;4860
20001;10768
20001;12523
63577;6427
63577;35604
13611;3545
13611;11560
30691;9016
30691;9017
13612;3545
13612;11560
28718;29740
23609;3478
23609;3660
23609;7186
1400;99
1400;1702
1400;1703
1400;2536
1400;2540
1400;3173
1400;5827
1400;8767
67025;6427
43438;13499
43438;25490
43438;25491
623;623
623;4860
623;18405
23680;8217
23680;15837
7241;2177
2868;25
2868;1123
13613;3545
13613;11560
6122;4071
31036;18658
57551;8217
30254;2901
30254;3535
30254;10417
30254;31475
30254;31476
30254;31477
39938;3545
44877;6427
68400;5669
68400;37890
22754;36
58606;1648
20788;36
19094;535
26184;6996
30434;36
30434;4807
30434;4973
30434;28720
19090;36
149;36
149;138
149;1702
1023;1282
1023;1699
1023;2481
1023;2514
1023;2536
1023;2620
1023;2629
1023;4322
29432;36
29432;94
29432;3318
20796;36
24375;2649
24375;4807
24375;4808
32562;36
32562;2547
32562;2665
32562;4243
32562;4384
30869;36
32346;36
32346;94
32346;2616
31648;36
31648;94
31648;4575
31648;17151
31686;36
31686;4575
31686;9434
31626;36
31626;94
31626;4575
31626;4884
22544;36
29791;36
29791;94
32360;36
32360;94
32360;3318
24928;36
24928;94
29138;94
29138;138
768;1703
768;2430
768;2483
768;2487
768;2514
768;2598
768;2599
768;2600
768;2601
768;2602
16328;12338
16328;12339
16328;12340
135;60
135;99
135;2719
135;3538
135;5827
1727;696
1727;697
1727;5568
1497;27
1497;2745
1497;6328
1497;6329
205;57
205;4958
205;7084
205;7085
205;7086
205;7087
205;7910
205;18489
1399;30
1399;510
1399;2487
1399;2538
1399;3300
8492;1375
8492;1662
8492;3329
514;517
514;2481
514;2489
514;2514
514;2519
514;2521
514;2536
514;2546
514;7107
25344;30
25344;60
25344;1703
25344;2430
25344;2538
25344;2560
25344;2602
25344;2629
25344;2680
25344;3265
25344;3266
244;76
244;150
244;1123
244;1702
219;130
219;2426
219;2427
219;2428
219;2429
219;2430
2852;76
2852;150
2852;188
2852;1123
2852;3506
2852;3507
1998;760
1998;4392
24869;3686
24869;5778
24869;12311
10007;2481
10007;2692
2148;94
2148;138
2148;1662
2148;1946
31284;3535
31284;28943
7142;4625
11339;2424
1600;27
1600;5221
1600;5821
1600;7448
3176;179
3176;803
3176;1683
2413;30
2413;2514
2413;2538
2413;2869
2413;4107
2413;5099
2413;5100
34206;131
34206;6375
12116;2496
12116;3350
12116;3351
12116;3352
12116;3605
12116;5317
37134;7371
37134;13601
37134;21985
15272;2403
15272;2459
15272;14471
12242;1036
3201;5712
3600;17902
21700;8815
921;1417
921;4823
921;4824
921;4825
51155;29585
51356;748
51356;2080
51356;4388
51356;17234
51356;17235
51356;17236
1322;11079
5131;502
5131;17713
5131;17714
28890;5874
1533;4882
1533;5015
1533;5016
1533;5017
45315;5171
45315;5867
45315;6100
1934;4457
1934;6864
2707;961
2707;10716
45;99
45;108
45;2525
45;2536
45;2611
45;6805
45;6806
45;6807
45;17672
1232;4929
1232;18267
1232;18268
13951;60
13951;725
13951;2822
13951;3246
3618;2811
3618;2812
3618;2813
3618;17895
3618;17896
3618;17897
3618;17898
58866;150
58866;1123
58866;3520
19033;138
19033;1415
19033;4873
19033;31575
6737;60
6737;10282
67138;4326
67138;6537
67138;37318
67138;37319
67138;37320
17989;60
17989;1703
17989;2849
17989;3156
17989;3242
17989;3243
17989;3263
1056;515
1056;516
1056;517
1056;2536
1056;2540
1056;4957
13437;12177
3178;335
3178;2594
3178;2942
3178;3155
3178;3772
3178;5576
3178;5577
2833;1699
2833;2430
2833;2487
2833;2531
2833;2538
2833;2602
2833;2622
2833;5405
2833;5406
131;2836
131;6527
2488;36
2488;114
2488;115
2488;2849
2488;4291
30107;1301
75201;642
75201;808
75201;3173
75201;16067
75201;40969
75201;40970
75201;40971
75201;40972
75201;40973
43936;45
43936;46
43936;11064
43936;11259
43936;19597
43936;23379
43936;25081
43936;25084
43936;25085
43936;25086
43936;25087
43936;25088
43936;25089
43936;25090
583;1699
583;1702
583;2430
583;2487
583;2535
583;2586
583;3170
583;3577
583;3578
583;3579
421;60
421;320
421;2822
421;3296
25525;94
25525;138
25525;1662
25525;1946
25525;4566
25525;6318
4093;2813
4093;12600
4093;12601
4093;13173
1450;185
1450;1414
1450;6638
1450;18245
1450;18246
1450;18247
57426;138
57426;917
57426;1414
57426;2849
57426;3674
57426;3961
57426;7834
57426;11018
57426;11050
57426;11145
57426;11950
57426;12252
47288;22474
47288;22475
47288;22476
541;183
541;2487
541;2514
541;2534
541;2602
541;3321
541;3322
33848;1577
33848;11826
15;11
15;115
15;2430
15;2486
15;2849
15;3315
15;8143
15;8144
15;18044
967;101
967;104
967;1702
967;2536
967;2540
967;2541
967;2542
967;2543
696;1222
696;1699
696;2586
48320;76
48320;150
48320;2572
10148;2002
10148;7322
23639;7449
375;94
375;1066
375;3156
4363;466
4363;4392
2559;104
2559;2514
2559;4793
2559;5263
2559;5972
2559;8720
2559;9705
46333;1301
46333;2745
46333;27062
42704;4881
42704;4882
940;60
940;808
940;1291
940;2849
940;3176
940;5053
940;5056
40426;99
40426;101
40426;102
40426;2481
40426;2487
40426;2536
40426;2547
40426;2638
40426;2639
40426;2640
40426;9208
40426;18233
1429;619
1429;620
11870;105
4980;1008
4980;6412
2232;4882
2232;5025
2232;5032
2232;5059
51233;36
201;68
60692;34168
60692;34169
20782;36
20782;2616
20782;4575
32449;19501
32449;19502
32449;19503
2518;3687
2518;3724
2518;3725
64;36
64;3318
64;4883
64;6643
64;6644
27083;626
27083;2264
222;1702
222;2430
222;9738
222;12346
41873;6831
60979;7127
60979;9571
60979;20608
15776;8926
15776;8928
15776;8929
1526;776
1526;4317
1526;4320
1526;5032
1526;8227
1526;8228
2300;549
2300;1138
2300;18121
2300;18122
2300;18123
4099;7044
4099;9297
4099;9298
37676;1577
37676;11826
41267;1577
41267;11826
29614;36
29614;94
876;446
876;447
14287;36
14287;2849
14287;5831
14287;11837
200;4697
59827;1901
59827;6901
59827;33659
59827;33660
59827;33661
4791;36
4791;2849
4791;6593
4791;12294
1531;4882
1531;5010
1531;5011
1531;5012
1531;5046
1531;10350
19656;2895
3420;29
3420;1344
3420;1345
3420;1346
14969;3545
21638;36
7326;1794
7326;2849
7326;4775
7326;9229
8642;29
8642;626
8642;2264
8642;11542
8642;16850
8642;16851
767;517
767;1702
767;2512
767;2530
767;2603
15238;2531
15238;2900
15238;2901
61774;1010
61774;34735
29135;36
29135;4510
60054;3528
60054;3584
83;36
83;3309
83;4365
83;4549
83;6857
67961;18658
67961;37707
67961;37708
67961;37709
67961;37710
67961;37711
1153;36
1153;3318
24246;36
50133;138
50133;1222
50133;5104
34912;10105
34912;20847
28020;9994
28020;9995
28020;9996
28020;9997
1270;626
1270;1167
1270;18258
32832;36
32832;94
32832;2430
32832;4575
28556;9994
28556;9995
28556;9996
28556;9997
55231;29386
12750;105
12750;4674
2162;29
2162;626
2162;3477
66073;118
66073;2430
66073;8236
66073;33903
66073;36800
45580;217
45580;2264
45580;4830
45580;10105
45580;26663
27444;36
33310;1301
26368;1808
26368;2186
26368;2945
26368;3055
26368;3478
26368;3584
26368;6242
26368;7180
26368;7181
26368;7186
26368;7187
26368;7188
26368;7189
624;36
624;1284
624;2591
624;2615
624;2684
624;3308
624;6244
28458;1808
28458;7186
68;36
68;3318
68;6643
68;6644
33644;36
33644;20191
1173;27
1173;18294
1173;18298
1173;18299
1059;808
1059;3320
1059;4866
15015;626
15015;1167
15015;3545
10662;36
456;94
456;105
456;295
30240;36
30240;94
42243;10961
42243;19640
58475;1118
58475;1141
58475;7186
15380;447
15380;2546
15380;13340
15980;1988
15980;14174
21051;36
21051;3319
21051;4549
41562;36
41562;94
40059;3173
31469;1662
31469;6579
53964;30912
29870;9994
29870;9995
29870;9996
29870;9997
72;36
72;3317
72;3318
11982;10741
11982;15832
11982;15833
11982;15834
12163;36
12163;1282
12163;2615
12163;2898
12163;3316
12163;10289
60968;3545
60968;7186
67969;8251
32512;3528
61729;1004
61729;3545
61729;7186
61729;11560
31547;36
31547;4575
134;517
134;2603
134;2895
30637;56
30637;665
30637;5809
42182;10961
42182;19640
30646;10674
43098;3487
43098;25359
42259;10961
42259;19640
34856;1861
34856;2776
34856;20816
34856;20817
36921;7171
36921;17058
36921;21848
36921;21849
1353;36
1353;5836
28617;9016
28617;9017
3748;36
3748;2849
3748;6593
3748;12294
21840;1808
21840;3545
21840;11673
27365;105
49166;26755
49166;28528
49166;28529
49166;28530
41481;9016
41481;9017
524;447
524;2487
524;2767
524;4590
60882;3528
32154;36
32154;808
32154;19345
56779;32252
56779;32253
56779;32254
46303;1203
46303;2447
1743;94
1743;105
4770;2481
4770;2536
4770;2603
4770;8357
73042;39988
75859;49
75859;8692
49324;7075
49324;28599
49324;28600
49324;28601
9296;1702
9296;2430
9296;2547
9296;3167
9296;5773
9296;9765
9296;9766
19027;36
19027;12034
19027;12035
19027;12036
19027;12038
19027;12041
26071;4831
30750;4831
30750;6511
30750;8251
551;36
551;6594
551;6595
551;6934
75397;10933
5097;36
5097;114
5097;115
5097;2849
5097;4291
1329;36
1329;2430
1329;4769
1329;4883
20121;36
20121;5294
13444;1355
13444;3478
13444;3660
13444;5767
13444;7186
28554;36
28554;94
31893;9016
31893;9017
56426;36
56426;2603
56426;32090
28402;8217
28402;8786
20728;36
20728;1703
20728;3319
32004;36
75279;1808
75279;3584
30255;36
30255;94
30255;2615
36254;8251
36254;21495
23731;36
23731;3318
18504;1808
18504;9716
35511;4179
35511;21106
35511;21107
54984;31393
54984;31394
24750;36
24750;1284
24750;2603
24750;2895
24750;3308
31979;36
639;7
639;4830
639;4831
9862;36
33016;9016
33016;9017
34413;797
34413;1380
34413;1381
34413;3485
34413;3486
15265;2430
15265;2483
15265;2487
15265;2730
15265;2906
15265;6669
15265;7028
15265;14473
15265;14474
15265;14475
35382;21057
18137;36
18137;4575
32530;36
32530;808
68821;3528
68821;3545
19076;36
19076;4575
31619;36
31619;4883
31619;19070
51221;1004
51221;3545
51221;7186
51221;11560
70243;38795
70243;38796
70243;38797
42196;10961
42196;19640
14075;627
14075;1346
24766;5669
19476;36
29878;9994
29878;9995
29878;9996
29878;9997
51082;36
51082;94
51082;183
51082;4120
51082;21632
11689;9654
51461;36
51461;94
51461;1496
51461;11115
9450;13336
9450;13337
9450;13338
34983;2546
34983;2638
25789;1901
25789;2440
25789;6543
28215;36
30532;9016
30532;9017
31500;10105
31500;18971
97;68
553;36
11672;9997
52888;216
52888;8217
22914;4146
22893;36
22893;94
36528;2767
36528;2906
36528;3173
36528;5672
16357;517
16357;2603
16357;2895
42236;10961
42236;19640
10349;36
10349;2849
10349;6593
10349;12294
25550;36
25550;2615
25550;6311
22541;36
22541;3333
22541;4383
22541;4549
22541;38678
31587;36
31587;2615
31587;19051
74085;626
74085;5870
32003;7146
14257;2719
14257;9451
38674;36
38674;3309
38674;4365
38674;4549
38674;6857
3296;1298
3296;1299
3296;20301
3296;20302
39220;1500
39220;6427
39220;23195
27730;36
23678;10961
23790;36
22342;36
22342;4807
22342;4973
22342;28720
7255;4612
7255;17213
19145;36
19145;2615
24149;36
24149;94
24149;4382
24149;4383
24149;4384
18151;36
26420;2603
26420;2895
26420;7231
24274;36
24274;94
24274;4575
19478;36
19478;5294
19445;36
42188;10961
42188;19640
25024;1198
25024;3316
25024;19571
799;36
799;3309
799;4365
799;4549
799;6857
24517;36
24517;94
24517;3305
24517;4382
24517;4575
22629;36
26906;36
26906;4575
26906;24346
26906;34014
495;3173
604;36
604;3317
604;3318
69485;217
69485;10105
69485;38115
38551;293
38551;2603
38551;2678
38551;2688
38551;2767
38551;4969
38551;5296
38551;18307
38551;22844
23784;288
23784;2430
23784;2584
23784;2602
23784;3196
23784;10933
22527;36
18949;36
32108;36
1440;626
1440;627
1440;7415
16199;2774
16199;2775
16199;2776
3015;626
3015;1167
32041;36
32041;94
76008;626
76008;19103
76008;38777
76008;41355
18641;36
32398;36
19718;183
19718;2430
19718;2481
19718;2602
19718;2684
19718;12635
62291;29386
20649;36
52228;36
52228;5294
52228;11403
38287;36
38287;94
38287;3317
38287;3318
38287;4575
20659;36
28698;36
28698;94
27462;36
27462;94
58204;4374
58204;32922
32734;36
32734;94
32734;3305
22585;36
23210;36
23210;94
30339;36
32022;7171
32022;19297
32022;19298
50566;36
24495;94
24495;1198
24495;2594
24495;5153
18520;36
18520;12034
18520;12036
18520;12038
18520;12039
23599;36
23599;94
23599;4807
23599;5428
23599;28720
30770;36
30770;28720
24723;1198
24723;4807
18768;9451
41981;36
18346;36
18346;4537
18346;4538
24104;36
24104;2616
24104;3305
29720;36
29720;94
50876;36
50876;94
50876;8647
27595;36
27595;4883
31922;36
31922;94
31922;4575
35605;94
35605;2692
35605;5155
18831;36
18831;94
26198;1203
26198;2447
30311;36
30311;28720
23568;36
23568;94
29317;36
29317;94
29317;102
29317;4548
51288;36
51288;94
51288;5577
51288;27591
52026;29955
32150;36
32150;94
32150;2615
32150;3156
18800;36
27013;36
23197;36
23197;94
26867;36
26867;94
26867;7627
76051;41378
23408;36
23408;94
23408;3305
25078;36
25078;94
25078;4549
29027;36
23692;1203
23692;2447
26140;94
26140;1198
56812;29386
54279;29386
72679;561
72679;672
27827;3528
27827;3545
2680;444
2680;466
2680;6957
3206;5712
3207;2745
3207;4929
33283;10229
55;45
55;46
55;11064
55;11259
55;19597
55;23379
55;25081
55;25084
55;25085
55;25086
55;25087
55;25088
55;25089
55;25090
32162;36
32162;94
58585;17644
58585;33106
600;2594
600;9238
600;9239
31552;19015
161;104
161;1699
161;1702
161;2481
161;2487
161;2489
161;2514
161;2545
161;2906
161;18493
161;18494
46;343
46;1282
46;2542
46;2716
46;3335
46;3336
46;3337
67098;1008
67098;3354
67098;13759
67098;37297
67098;37298
67098;37299
67098;37300
7370;2745
7370;8076
7370;8077
10;842
132;2184
132;10162
120;115
120;3243
120;3248
120;3249
408;125
730;99
730;1282
730;2536
730;2604
730;3333
730;5773
41;4224
41;5055
34901;7721
15474;14396
996;763
996;764
996;2543
996;7405
5827;997
5827;6948
5827;9063
829;138
829;335
829;2870
829;4858
829;4859
779;4513
779;4882
779;6922
779;6923
4280;997
4280;1609
4280;1610
4280;4392
5740;1752
5740;7518
2848;1105
2814;94
2814;3199
1228;549
1228;550
4217;517
4217;2536
4217;2540
4217;3199
4217;3539
17396;185
17396;4258
17396;13050
17396;35942
110;510
110;2542
110;2583
110;2602
110;2633
110;2690
110;2918
110;3173
110;5502
110;9766
110;12483
994;4927
994;5136
994;7033
994;7034
8438;466
18269;5450
18269;12540
18269;41407
21765;27
21765;5988
21765;6294
21765;6848
21765;9021
26;26
26;18511
26;18512
26;18513
20439;7425
12814;4180
12814;4182
398;6526
398;18450
398;18451
3300;1301
3800;466
41617;3262
402;511
402;2536
402;2604
402;7100
23;20
23;680
23;6317
23;6322
35899;10151
1946;89
1946;4862
52319;466
3449;131
3449;6375
25717;2420
25717;2421
25717;6318
10615;7908
4507;471
4507;1670
20203;96
20203;97
35123;13170
35123;13869
35123;20940
17199;4225
815;414
815;415
815;10561
43789;1149
29728;3592
29728;14827
52263;166
61;49
61;50
25282;4554
25282;6408
25282;15088
8710;16811
10636;803
10636;833
10636;9055
10636;15600
69566;13251
69566;38444
1001;4842
1001;6989
1001;18337
15399;6322
15399;9092
15399;9093
75425;19704
65903;2000
65903;4130
65903;8256
65903;36717
65903;36718
2850;1104
22381;485
147;823
147;2745
147;2746
19322;653
16643;56
48785;2732
48785;9885
43453;25499
43453;25500
16119;12130
16119;14145
16119;14146
16119;14147
1754;2784
1754;2813
1754;5179
1754;18198
40074;23696
1636;27
1636;5221
1636;6384
1636;7448
1636;7732
1636;18214
1636;18215
114;138
114;1415
18600;13
38269;2151
35690;3686
35690;12220
35690;21200
35690;21201
35690;21202
2388;1033
2388;3712
2388;17245
242;24
242;148
242;293
242;2514
242;2525
242;2538
242;2677
242;2678
242;2680
242;2682
242;2683
10681;18
58360;1922
58360;12155
58221;5568
58221;32668
35018;3170
35018;5505
35018;5519
35018;11251
35018;11252
1057;13
1057;4781
67092;6498
67092;37292
25141;6045
25141;6046
19116;3127
39647;4582
14568;385
14568;14714
41214;4130
41214;14834
41214;21945
41214;21946
41214;21947
25286;4297
25286;6158
8775;407
8775;16797
76503;36
76503;2615
26471;1036
1279;570
1279;2803
59;48
59;18203
45109;6283
45109;13945
31968;3712
45304;5450
45304;26517
8581;228
8581;9740
21076;12061
21076;12062
14328;332
14328;7926
31641;4697
245;151
245;152
245;4958
245;5574
245;5575
9800;6864
9800;34390
9800;34391
16878;13834
16878;13835
18707;2548
74039;4697
25716;6493
25716;6494
25716;6495
42108;24812
42108;24813
42108;24814
31591;2360
31591;19052
26225;7024
24915;5832
38145;1139
46976;3864
46976;6205
46976;27357
146;185
146;2495
146;3006
146;4134
146;4462
36098;407
1170;27
1170;6205
1170;11599
1170;12653
5402;1896
4200;1567
4200;1568
4200;1569
4200;1570
4200;17515
6400;1949
6400;17442
9662;466
9662;997
3221;1268
3221;1269
1091;200
1091;18324
1;7955
1;18521
40686;1097
40686;6721
52190;17237
52190;17238
33870;1677
21;2424
21;2425
56006;228
56006;582
56006;13170
56006;19629
1404;9497
1404;9498
25128;6052
49513;3434
49513;20391
49513;28713
49513;28714
49513;28715
49513;28716
10732;1746
51090;5353
51143;18989
51143;29581
12342;4697
27200;94
27200;131
27200;4198
27200;4199
76463;41526
4367;433
4367;521
4367;522
4367;523
4367;690
4367;8821
20239;6349
11030;5878
11030;6322
11030;14402
11030;16144
228;133
228;134
228;135
43007;316
43007;25324
9105;7352
45634;24473
45634;26689
45634;26690
45634;26691
45634;26692
1974;2078
1974;2079
73849;40368
27577;13
29765;346
35461;2091
80;31
16713;7597
16713;8155
45502;8641
45502;8642
42059;645
42059;1543
42059;1555
42059;24787
42059;24788
26393;7218
26393;7219
16527;13988
16527;13989
29433;2890
29433;9623
47018;7827
47018;24812
47018;24813
47018;24814
47018;27376
47018;27377
47018;27378
1656;27
1656;5221
1656;5821
38326;22720
5720;17613
16059;8301
16059;11410
7205;760
7205;4392
14264;3073
38769;9950
38769;10229
18047;1211
56463;314
56463;485
56463;1837
76466;404
38485;6511
38485;6916
36805;4582
59844;228
59844;1670
59844;1679
43296;22739
32415;10466
32415;19371
20;26
20;18511
20;18512
20;18513
42959;3349
42959;25288
42959;25289
19994;429
19994;2328
19994;4955
39287;1123
39287;1282
39287;2578
39287;2998
3177;392
3177;2063
3177;17973
3177;17974
3177;17975
50922;5501
44369;1739
4705;997
38433;5708
10741;471
10741;7352
57724;3912
57724;32692
2383;1402
2383;8842
2383;10341
37734;17366
37734;17367
26659;56
26659;166
26659;315
24440;4975
24440;4976
24440;4977
816;414
816;415
816;10561
2885;138
76427;1375
76427;5104
76427;41510
76427;41511
38427;166
38427;997
38427;15272
38427;22783
26296;131
26296;6375
70954;16138
51125;36
51125;3318
51125;5294
75883;8937
75883;41286
22;18
2017;4491
2017;4949
46681;27202
14977;4013
14977;4045
14977;4046
33525;3687
33525;3724
33525;3725
33525;20109
52958;512
2772;5972
2772;17894
41537;5867
41537;6989
41537;18337
6081;13
6081;748
6081;1329
6081;1954
25559;6336
41360;7
41360;1099
41360;10163
41360;19275
41360;21947
49965;2213
49965;18487
49266;28573
49266;28574
57303;29852
57303;32497
14314;628
38488;10691
38488;22810
10800;5911
58804;32306
24787;845
24787;5693
31543;19010
2981;1146
2981;9620
76451;115
76451;3564
76451;11819
28500;8849
28500;8850
28500;8851
6099;10990
5116;1833
28553;6582
28553;8897
57493;14308
23962;4175
23962;4178
23962;4296
23962;4297
17116;13741
39293;628
39293;20239
39293;20240
24162;4297
14209;672
14209;14875
43286;11127
43286;11128
43286;25415
76571;642
76571;808
5333;535
5333;8433
1597;131
1597;4198
1597;4199
54027;30940
10625;7675
25063;939
3;2740
3;2748
8396;25
8396;115
16317;14063
53419;25
53419;2716
76435;94
76435;1222
76435;3539
76435;4777
11945;4392
51173;10772
1430;8
1430;7631
55317;444
55317;466
55317;6957
227;133
227;134
227;18486
55300;31517
55300;31518
43629;14086
43629;22438
57628;545
55201;2745
55201;6328
55201;6329
34073;4697
25391;6161
66048;469
66048;4130
47629;16281
47629;16283
47629;27682
7452;2227
7452;2228
61262;150
61262;2572
61262;3519
61262;3520
50742;2666
50742;7677
50742;12182
50742;29384
4361;433
4361;522
4361;1035
4361;1498
4361;8821
1658;27
1658;7769
37499;12643
37499;22181
947;478
947;6776
1750;2745
1750;4929
8300;842
15353;4582
15353;11410
24518;266
24518;269
24518;337
24518;563
24518;2758
24518;2760
24518;2764
24518;2765
24518;5211
24518;18358
54;45
54;46
54;1414
54;2966
54;3961
54;5581
54;6590
54;7834
54;11018
54;11050
54;25088
54;25097
14033;6457
14033;6458
5186;1864
28942;8
3623;7
3623;561
3623;562
3623;1097
18947;4932
18947;12927
26487;4134
26487;7264
11224;6726
57374;32543
57374;32544
31485;2487
31485;3027
31485;4075
31485;12469
34948;227
34948;2487
34948;15111
944;270
944;474
944;475
944;17302
944;17303
28233;8644
28233;8645
3333;11824
3333;18977
3333;18978
3333;18979
3333;18980
3333;18982
2130;6328
71062;31640
64908;36221
64908;36222
165;510
165;2430
165;2534
165;2623
165;4957
165;12980
165;18492
14880;2027
1672;27
1672;2745
1672;7449
38697;22906
503;131
503;429
22091;1375
22091;5104
22091;41510
22091;41511
54338;6785
54338;31114
76483;56
76483;166
76483;1670
75585;138
75585;2718
75585;2719
75585;3173
75585;3551
75585;4326
75585;9738
8299;4180
8299;4182
13549;89
34612;4697
7986;5179
7986;5180
49260;28567
42722;5005
42722;7306
39308;2216
38683;2010
38683;3673
38683;22867
16966;13804
23997;2783
23997;4278
544;99
544;2481
544;2525
544;4828
544;6805
544;6806
544;6807
544;17672
155;1702
155;2535
155;2595
155;2596
155;2597
155;7508
1150;2004
1150;4844
1756;2784
1756;5179
1756;18195
1756;18196
204;1702
204;2560
204;2572
204;3516
204;3517
14522;1702
14522;4224
6157;3300
6157;16803
43990;22739
37423;2983
37423;14539
4368;25
4368;1375
5000;3011
38964;4697
76539;94
76539;1222
76539;4315
76539;7028
70033;2770
1653;12540
1653;21259
1653;30697
34853;2432
34853;3768
34853;3769
34853;15421
15784;14270
15784;14271
47873;26215
47873;26216
47873;26217
1298;293
1298;4914
1298;4915
1298;4916
1298;4917
19725;1211
48438;2117
48438;12960
36459;25
830;27
830;920
830;2277
830;2456
2895;476
2895;10413
2895;10414
1515;776
1515;5044
1515;5045
1515;5046
15250;4176
15250;4177
15250;4178
2085;807
2085;821
2085;9626
45631;925
45631;6322
45631;10254
45631;20236
45631;20237
45631;20238
17405;2184
17405;10162
59606;10084
1719;1027
1719;1033
1719;2551
1719;2552
1719;2553
1719;2554
71;57
71;7910
657;345
657;6971
3913;1448
3913;5952
3289;76
3289;150
3289;1123
20023;5168
20023;5673
20023;5681
20023;5682
20023;5683
27558;9
27558;10
27558;7965
27558;7966
25134;6223
409;264
409;1036
5658;2430
5658;5508
5658;9396
5658;9397
5658;9398
5658;9399
1564;657
1564;2775
1564;4208
1564;13893
20738;12230
20738;12231
20738;12232
2009;549
2009;550
34405;4697
76490;3685
76490;41541
76490;41542
50280;29124
50280;29125
700;510
700;1702
700;2514
700;2607
700;2608
700;2609
700;2610
700;2611
32854;94
32854;3546
32854;3547
32854;4709
32854;15941
76493;3200
76493;5488
76493;5605
76493;18542
76493;28720
32474;12164
32975;4697
61597;21448
61597;34652
61597;34653
1292;535
851;438
851;440
851;441
851;10288
851;18364
107;510
107;2487
107;2602
107;2633
107;2677
107;2679
107;2918
20968;4681
883;335
883;1282
883;1699
883;2487
883;2542
883;2906
883;3577
25219;4292
10136;1993
10136;3433
21300;3151
21300;3152
21300;3153
71046;31429
1041;502
1041;4283
33144;6166
33144;10145
33144;19865
42884;6665
42884;6666
42884;6704
42884;6705
1635;27
1635;18216
1635;18217
1635;18218
39784;1037
39784;1771
39784;3384
39784;4714
39784;5841
8601;3123
27638;9
27638;10
27638;7965
27638;7966
14472;14754
